--
-- Script was generated by Devart dbForge Studio 2020 for MySQL, Version 9.0.791.0
-- Product home page: http://www.devart.com/dbforge/mysql/studio
-- Script date 2022. 03. 29. 22:35:21
-- Server version: 10.4.22
-- Client version: 4.1
--

-- 
-- Disable foreign keys
-- 
/*!40014 SET @OLD_FOREIGN_KEY_CHECKS=@@FOREIGN_KEY_CHECKS, FOREIGN_KEY_CHECKS=0 */;

-- 
-- Set SQL mode
-- 
/*!40101 SET @OLD_SQL_MODE=@@SQL_MODE, SQL_MODE='NO_AUTO_VALUE_ON_ZERO' */;

-- 
-- Set character set the client will use to send SQL statements to the server
--
SET NAMES 'utf8';

DROP DATABASE IF EXISTS microtech;

CREATE DATABASE microtech
	CHARACTER SET utf8
	COLLATE utf8_hungarian_ci;

--
-- Set default database
--
USE microtech;

--
-- Create table `categories`
--
CREATE TABLE categories (
  id INT(11) NOT NULL AUTO_INCREMENT,
  name VARCHAR(50) DEFAULT NULL,
  PRIMARY KEY (id)
)
ENGINE = INNODB,
AUTO_INCREMENT = 27,
AVG_ROW_LENGTH = 5461,
CHARACTER SET utf8,
COLLATE utf8_hungarian_ci;

--
-- Create table `components`
--
CREATE TABLE components (
  id INT(11) NOT NULL AUTO_INCREMENT,
  name VARCHAR(50) DEFAULT NULL,
  cat_id INT(11) DEFAULT NULL,
  image VARCHAR(255) DEFAULT NULL,
  PRIMARY KEY (id)
)
ENGINE = INNODB,
AUTO_INCREMENT = 334670,
AVG_ROW_LENGTH = 16384,
CHARACTER SET utf8,
COLLATE utf8_hungarian_ci;

--
-- Create foreign key
--
ALTER TABLE components 
  ADD CONSTRAINT FK_components_categories_id FOREIGN KEY (cat_id)
    REFERENCES categories(id) ON DELETE NO ACTION ON UPDATE NO ACTION;

--
-- Create table `properties`
--
CREATE TABLE properties (
  id INT(11) NOT NULL AUTO_INCREMENT,
  name VARCHAR(50) DEFAULT NULL,
  PRIMARY KEY (id)
)
ENGINE = INNODB,
AUTO_INCREMENT = 114,
AVG_ROW_LENGTH = 5461,
CHARACTER SET utf8,
COLLATE utf8_hungarian_ci;

--
-- Create table `comp_prop`
--
CREATE TABLE comp_prop (
  comp_id INT(11) DEFAULT NULL,
  prop_id INT(11) DEFAULT NULL,
  value VARCHAR(255) DEFAULT NULL
)
ENGINE = INNODB,
AVG_ROW_LENGTH = 1365,
CHARACTER SET utf8,
COLLATE utf8_hungarian_ci;

--
-- Create foreign key
--
ALTER TABLE comp_prop 
  ADD CONSTRAINT FK_comp_prop_components_id FOREIGN KEY (comp_id)
    REFERENCES components(id) ON DELETE NO ACTION ON UPDATE NO ACTION;

--
-- Create foreign key
--
ALTER TABLE comp_prop 
  ADD CONSTRAINT FK_comp_prop_properties_id FOREIGN KEY (prop_id)
    REFERENCES properties(id) ON DELETE NO ACTION ON UPDATE NO ACTION;

--
-- Create table `cat_prop`
--
CREATE TABLE cat_prop (
  prop_id INT(11) DEFAULT NULL,
  cat_id INT(11) DEFAULT NULL
)
ENGINE = INNODB,
AVG_ROW_LENGTH = 4096,
CHARACTER SET utf8,
COLLATE utf8_hungarian_ci;

--
-- Create foreign key
--
ALTER TABLE cat_prop 
  ADD CONSTRAINT FK_cat_prop_categories_id FOREIGN KEY (cat_id)
    REFERENCES categories(id) ON DELETE NO ACTION ON UPDATE NO ACTION;

--
-- Create foreign key
--
ALTER TABLE cat_prop 
  ADD CONSTRAINT FK_cat_prop_properties_id FOREIGN KEY (prop_id)
    REFERENCES properties(id) ON DELETE NO ACTION ON UPDATE NO ACTION;

--
-- Create table `users`
--
CREATE TABLE users (
  ID INT(11) NOT NULL AUTO_INCREMENT,
  username VARCHAR(255) DEFAULT NULL,
  password VARCHAR(255) DEFAULT NULL,
  email VARCHAR(50) DEFAULT NULL,
  fullname VARCHAR(255) DEFAULT NULL,
  permission VARCHAR(255) DEFAULT NULL,
  PRIMARY KEY (ID)
)
ENGINE = INNODB,
AUTO_INCREMENT = 3,
AVG_ROW_LENGTH = 8192,
CHARACTER SET utf8,
COLLATE utf8_hungarian_ci;

-- 
-- Dumping data for table categories
--
INSERT INTO categories VALUES
(1, 'CPU'),
(2, 'Cable'),
(3, 'HDD'),
(4, 'SSD'),
(5, 'PSU'),
(6, 'Motherboard'),
(7, 'Case\r\n'),
(8, 'GPU'),
(9, 'RAM\r\n'),
(10, 'Keyboard'),
(11, 'Mouse'),
(12, 'Monitor'),
(13, 'Headphone\r\n'),
(17, 'Fan');

-- 
-- Dumping data for table components
--
INSERT INTO components VALUES
(1, 'AMD Ryzen 7 5800X', 1, 'AMD-Ryzen-7-5800X.jpg'),
(2, 'Cooler Master MasterBox MB520 RGB', 7, 'masterbox-mb520.jpg'),
(3, 'Cooler Master CK350', 10, 'res_354124f005f1b73046d0c025dd07bca5.jpg'),
(4, 'Razer DeathAdder V2', 11, 'razer_mouse_deathadder_v2_1.jpg'),
(5, 'AOC 27G2U Monitor', 12, 'maxresdefault.jpg'),
(6, 'SAPPHIRE Radeon RX 480 NITRO+', 8, 'sapphire-radeon-rx-480-nitro-3.jpg'),
(7, 'MSI B450 Tomahawk Max II', 6, 'msi-b450-tomahawk-max-ii_3.jpg'),
(8, 'Kingston FURY Beast 32GB', 9, '2564358-n14.jpg'),
(9, 'Razer Kraken (RZ04-02830200-R3M1)', 13, 'RAZER KRAKEN GREEN Wired Analog 3.5mm 2.1 Gaming Headset (2)-650x650.jpg'),
(10, 'Kingston A400 2.5', 4, 'kingston-a400.jpg'),
(11, 'Western Digital WD Red 3.5', 3, 'Western Digital-WD-red.jpg'),
(12, 'Corsair CX750F RGB 80 Bronze', 5, 'res_459cd1e72b183a354bd0e2fd2c992ae0.jpg'),
(13, 'HDMI', 2, 'HDMI.jpg'),
(14, 'AMD Ryzen 5 5600G', 3, 'amd-ryzen-5-5600g.jpg'),
(15, 'AMD Ryzen 9 5900X', 3, 'HDMI.jpg');

-- 
-- Dumping data for table properties
--
INSERT INTO properties VALUES
(1, 'Size'),
(2, 'Type'),
(3, 'Brand'),
(4, 'Number_of_cores'),
(5, 'Number_of_threads'),
(6, 'Cpu_socket'),
(7, 'Cpu_clock'),
(8, 'Cpu_turbo_clock'),
(9, 'Manufactoring_technology'),
(10, 'Integrated_gpu'),
(11, 'L2_Cache'),
(12, 'L3_Cache'),
(13, 'TDP'),
(14, 'Interface'),
(15, 'Cooling type'),
(16, 'Number_of_fan'),
(17, 'Gpu_chip_speed'),
(18, 'Gpu_memory_speed'),
(19, 'Memory_size'),
(20, 'memory_type'),
(21, 'Memory_bandwidth'),
(22, 'Maximum_resolution'),
(23, 'DirectX'),
(24, 'OpenGL'),
(25, 'Ports'),
(26, 'Capacity'),
(27, 'Speed'),
(28, 'Cache_size'),
(29, 'Maximum_data_transfer_speed'),
(30, 'SSD_reading_speed'),
(31, 'SSD_writing_speed'),
(32, 'TBW'),
(33, 'Heatsink'),
(34, 'PSU_performance'),
(35, 'Efficiency'),
(36, 'PFC'),
(37, 'Power_switch'),
(38, 'Fan_size'),
(39, 'Gpu_type'),
(40, 'Number_of_memory_socket'),
(41, 'Pci-express_16x\r\n'),
(42, 'Pci-express_8x'),
(43, 'Pci-express_4x'),
(44, 'Pci-express_1x'),
(45, 'Number_of_pci_ports'),
(46, 'Number_of_SATA_3_ports'),
(47, 'Number_of_SATA_2_ports'),
(48, 'Number_of_mSATA_ports'),
(49, 'Number_of_m.2_ports'),
(50, 'Number_of_SATA_express_ports'),
(51, 'Number_of_USB_2.0_ports_on_the_back'),
(52, 'Number_of_external_PS/2_ports'),
(53, 'Max_memory_size'),
(54, 'Integrated_sound_device'),
(55, 'Sound_device_channel'),
(56, 'Digital_audio_output'),
(57, 'Bluetooth'),
(58, 'RAID_controller'),
(59, 'ATX'),
(60, 'Micro_ATX'),
(61, 'Extended_ATX'),
(62, 'Mini_ITX'),
(63, 'Number_of_USB_ports'),
(64, 'Audio_on_the_front'),
(65, 'FireWire'),
(66, 'eSATA'),
(67, 'LCD_display'),
(68, 'Kit_of'),
(69, 'Kit_of_multi_channel'),
(70, 'Memory_delay'),
(71, 'Led_lightning'),
(72, 'Tension'),
(73, 'Connector'),
(74, 'Wireless'),
(75, 'Multimedia_keyboard'),
(76, 'Backlight'),
(77, 'Mechanical'),
(78, 'Numeric_keypad'),
(79, 'Sensivity'),
(80, 'Panel_type'),
(81, 'Curved_display'),
(82, '3D_monitor'),
(83, 'Touch_screen'),
(84, 'Diagonal'),
(85, 'Aspect_ratio'),
(86, 'Resolution'),
(87, 'Response_time'),
(88, 'Brightness'),
(89, 'Static_contrast\r\nStatic_contrast'),
(90, 'Dynamic_contrast'),
(91, 'Viewing_angle'),
(92, 'Image_refresh_rate'),
(93, 'DVB-T_tuner'),
(94, 'DVB-C_tuner'),
(95, 'Speaker'),
(96, 'Speaker_performance'),
(97, 'AMD_freesync_support'),
(98, 'Nvidia_G-sync_support'),
(99, 'Built-in_webcam'),
(100, 'Built-in_microphone'),
(101, 'Data_transfer'),
(102, 'Connection'),
(103, 'Min_frequency'),
(104, 'Max_frequency'),
(105, 'Rated_impedance  '),
(106, 'Cable_length'),
(107, 'Microphone'),
(108, 'Volume_control'),
(109, 'Weight'),
(110, 'HDMI'),
(111, 'DVI'),
(112, 'VGA');

-- 
-- Dumping data for table users
--
INSERT INTO users VALUES
(1, 'admin', '21232f297a57a5a743894a0e4a801fc3', 'admin@dszcberegszaszi.hu', 'Molnár Dániel', 'Weblap Tervező'),
(2, 'user', 'ee11cbb19052e40b07aac0ca060c23ee', 'KFC@KFC.hu', 'Kentaki Fries Chicken', 'Felhasználó');

-- 
-- Dumping data for table comp_prop
--
INSERT INTO comp_prop VALUES
(1, 2, 'AMD Ryzen 7'),
(1, 3, 'AMD'),
(1, 4, '8 magos'),
(1, 5, '16'),
(1, 6, 'AMD Socket AM4'),
(1, 7, '3800 MHz'),
(1, 8, '4700 MHz'),
(1, 9, '7 nm'),
(1, 10, 'Nincs'),
(1, 11, '4 MB'),
(1, 12, '32 MB'),
(1, 13, '105 W'),
(2, 1, '30x19x13cm'),
(2, 2, 'Moduláris tápegység'),
(2, 3, 'Corsair'),
(2, 34, '750 W'),
(2, 35, '80+ Bronze'),
(2, 36, 'Aktív'),
(2, 37, 'Van'),
(2, 38, '120 mm'),
(14, 2, 'AMD Ryzen 5'),
(14, 3, 'AMD'),
(14, 4, '6 magos'),
(14, 5, '12'),
(14, 6, 'AMD Socket AM4'),
(14, 7, '3900 MHz'),
(14, 8, '4400 MHz'),
(14, 9, '7 nm'),
(14, 10, 'AMD Radeon Graphics'),
(14, 11, '3 MB'),
(14, 12, '16 MB'),
(14, 13, '65 W'),
(15, 2, 'AMD Ryzen 9'),
(15, 3, 'AMD'),
(15, 4, '12 magos'),
(15, 5, '24'),
(15, 6, 'AMD Socket AM4'),
(15, 7, '3700 MHz'),
(15, 8, '4800 MHz'),
(15, 9, '7 nm'),
(15, 10, 'Nincs'),
(15, 11, '6 MB'),
(15, 12, '64 MB'),
(15, 13, '105 W');

-- 
-- Dumping data for table cat_prop
--
INSERT INTO cat_prop VALUES
(3, 1),
(3, 3),
(1, 3),
(1, 2),
(2, 2),
(1, 4),
(1, 4),
(1, 5),
(1, 6),
(2, 6),
(3, 6),
(1, 7),
(2, 7),
(3, 7),
(2, 9),
(3, 9),
(1, 10),
(2, 10),
(3, 10),
(2, 11),
(3, 11),
(1, 13),
(2, 12),
(3, 12),
(4, 1),
(5, 1),
(6, 1),
(7, 1),
(9, 1),
(9, 1),
(10, 1),
(11, 1),
(12, 1),
(13, 1),
(26, 3),
(27, 3),
(28, 3),
(29, 3),
(73, 3),
(1, 4),
(3, 4),
(31, 4),
(2, 4),
(73, 4),
(33, 4),
(32, 4),
(34, 5),
(35, 5),
(36, 5),
(37, 5),
(38, 5),
(73, 5),
(1, 6),
(39, 6),
(40, 6),
(111, 6),
(110, 6),
(10, 6),
(41, 6),
(42, 6),
(43, 6),
(44, 6),
(45, 6),
(46, 6),
(47, 6),
(48, 6),
(49, 6),
(50, 6),
(51, 6),
(52, 6),
(53, 6),
(54, 6),
(55, 6),
(56, 6),
(57, 6),
(58, 6),
(2, 6),
(3, 6),
(1, 7),
(2, 7),
(3, 7),
(59, 7),
(60, 7),
(61, 7),
(62, 7),
(63, 7),
(64, 7),
(65, 7),
(66, 7),
(67, 7),
(1, 8),
(2, 8),
(3, 8),
(14, 8),
(15, 8),
(16, 8),
(17, 8),
(18, 8),
(19, 8),
(20, 8),
(21, 8),
(22, 8),
(23, 8),
(24, 8),
(25, 8),
(2, 9),
(3, 9),
(26, 9),
(68, 9),
(69, 9),
(20, 9),
(27, 9),
(70, 9),
(33, 9),
(71, 9),
(72, 9),
(73, 10),
(74, 10),
(75, 10),
(76, 10),
(77, 10),
(78, 10),
(79, 11),
(74, 11),
(80, 12),
(81, 12),
(82, 12),
(83, 12),
(84, 12),
(85, 12),
(86, 12),
(87, 12),
(88, 12),
(89, 12),
(90, 12),
(91, 12),
(92, 12),
(93, 12),
(94, 12),
(95, 12),
(96, 12),
(97, 12),
(98, 12),
(99, 12),
(100, 12),
(101, 13),
(102, 13),
(103, 13),
(104, 13),
(1, 13),
(105, 13),
(106, 13),
(107, 13),
(108, 13),
(109, 13),
(109, 12),
(2, 5),
(3, 5);

-- 
-- Restore previous SQL mode
-- 
/*!40101 SET SQL_MODE=@OLD_SQL_MODE */;

-- 
-- Enable foreign keys
-- 
/*!40014 SET FOREIGN_KEY_CHECKS=@OLD_FOREIGN_KEY_CHECKS */;